{"id": 471, "is_correct": false}
{"id": 23, "is_correct": true}
{"id": 68, "is_correct": true}
{"id": 5, "is_correct": true}
{"id": 1823, "is_correct": true}
{"id": 9, "is_correct": true}
{"id": 1488, "is_correct": true}
{"id": 730, "is_correct": true}
{"id": 631, "is_correct": false}
{"id": 2276, "is_correct": false}
{"id": 39, "is_correct": true}
{"id": 765, "is_correct": true}
{"id": 323, "is_correct": true}
{"id": 7, "is_correct": true}
{"id": 949, "is_correct": true}
{"id": 40, "is_correct": false}
{"id": 13, "is_correct": true}
